time,epoch,train_loss,test_loss
1.2388243675231934,1,0.005566183927779396,0.003200248816756357
2.6257872581481934,2,0.0030053187433319787,0.002964892294767196
3.7860026359558105,3,0.002614510552181552,0.0028174246435810346
5.2508385181427,4,0.0023905013817259006,0.0028931091990671122
6.46249794960022,5,0.00218916137851516,0.0027417430530476848
