time,epoch,train_loss,test_loss
3.841461658477783,1,0.003662920251695646,0.0035042940455241476
7.757514953613281,2,0.0032823198765981943,0.0033900428426932193
11.798839569091797,3,0.00298124695287293,0.0033583223881578305
15.798587322235107,4,0.0026859410692446142,0.0032138177630258724
19.647702932357788,5,0.0024953664750986112,0.0031195985997328536
